id,Registration
registration,Absent
registration,8AHRA
registration,Absent
registration,G62KF
registration,Absent
registration,LG62TKF
_id,5ec1d20762c65b02d1be5a7fregistration,LG62TKF
registration,L969LG0
registration,Absent
registration,GP5RX
registration,Absent
registration,YD64GP0
registration,Absent
registration,SP56WYD
_id,5ec94c80b956ba02d5b9da69registration,SP56WYD
registration,SP56WYD
_id,5ec94c80b956ba02d5b9da69registration,SP56WYD
registration,BT68FNZ
_id,5ec94c81b956ba02d5b9da6cregistration,BT68FNZ
registration,BT68FNZ
_id,5ec94c81b956ba02d5b9da6cregistration,BT68FNZ
registration,NA05CZ0
registration,Absent
registration,LB65LFR
registration,Absent
registration,RUM5H
registration,Absent
registration,LG17ZVW
_id,5ec1d1ff62c65b02d1be5a74registration,LG17ZVW
registration,YA15EWN
_id,5ec94ca4b956ba02d5b9da8fregistration,YA15EWN
registration,YA15EWN
_id,5ec94ca4b956ba02d5b9da8fregistration,YA15EWN
registration,LG5UF
registration,Absent
registration,57ZZ0
registration,Absent
registration,LJ57ZZD
_id,5ec94c98b956ba02d5b9da85registration,LJ57ZZD
registration,LJ57ZZD
_id,5ec94c98b956ba02d5b9da85registration,LJ57ZZD
registration,LJ57ZZD
_id,5ec94c98b956ba02d5b9da85registration,LJ57ZZD
registration,LT16RTV
_id,5ec94cb6b956ba02d5b9da93registration,LT16RTV
registration,LJ09Z
registration,Absent
registration,LJ18ZWA
registration,Absent
registration,LJ08ZWA
_id,5ec94cb8b956ba02d5b9da97registration,LJ08ZWA
registration,PL14LVP
_id,5ec94cc3b956ba02d5b9daa5registration,PL14LVP
registration,BG65OJA
_id,5ec1cf7c62c65b02d1be5896registration,BG65OJA
registration,BG65OJA
_id,5ec1cf7c62c65b02d1be5896registration,BG65OJA
registration,E015OJU
registration,Absent
registration,E05OJU
registration,Absent
registration,RF09NZA
registration,Absent
registration,M500MBF
_id,5ecc083a6bcf491dd892c054registration,M500MBF
registration,M500MBF
_id,5ecc083a6bcf491dd892c054registration,M500MBF
registration,KC1GV
registration,Absent
registration,K5BGV
registration,Absent
registration,HK12FEU
_id,5ec1cf8462c65b02d1be5897registration,HK12FEU
registration,BJ1RH
registration,Absent
registration,GA57ONE
_id,5ec1cf9662c65b02d1be58a2registration,GA57ONE
registration,LB12TCO
_id,5ec1cf9b62c65b02d1be58abregistration,LB12TCO
registration,LB12TC0
registration,Absent
registration,HU55AW
registration,Absent
registration,HU55AMW
_id,5ec1cfa062c65b02d1be58b3registration,HU55AMW
registration,K7ZCN
registration,Absent
registration,RK17ZCN
_id,5ec1cfae62c65b02d1be58c0registration,RK17ZCN
registration,RK17ZCN
_id,5ec1cfae62c65b02d1be58c0registration,RK17ZCN
registration,LC09XZD
registration,Absent
registration,LK64XGH
_id,5ec1cfbe62c65b02d1be58cbregistration,LK64XGH
registration,LK64XGH
_id,5ec1cfbe62c65b02d1be58cbregistration,LK64XGH
registration,FN09EKH
_id,5ec1cfbb62c65b02d1be58c6registration,FN09EKH
registration,FN09EKH
_id,5ec1cfbb62c65b02d1be58c6registration,FN09EKH
registration,FN09EKH
_id,5ec1cfbb62c65b02d1be58c6registration,FN09EKH
registration,FN09EKH
_id,5ec1cfbb62c65b02d1be58c6registration,FN09EKH
registration,MK65XTR
_id,5ec1cfbd62c65b02d1be58c9registration,MK65XTR
registration,MK65XTR
_id,5ec1cfbd62c65b02d1be58c9registration,MK65XTR
registration,MK65XTR
_id,5ec1cfbd62c65b02d1be58c9registration,MK65XTR
registration,D2VNC
registration,Absent
registration,D2VNC
registration,Absent
registration,LD68MXU
_id,5ec1cfc462c65b02d1be58d3registration,LD68MXU
registration,LD68MXU
_id,5ec1cfc462c65b02d1be58d3registration,LD68MXU
registration,LD68MXU
_id,5ec1cfc462c65b02d1be58d3registration,LD68MXU
registration,LD68MXU
_id,5ec1cfc462c65b02d1be58d3registration,LD68MXU
registration,LF07E
registration,Absent
registration,LF17EYM
_id,5ecc09186bcf491dd892c057registration,LF17EYM
registration,AJ59YG
registration,Absent
registration,GJ06V0
registration,Absent
registration,J06VM0
registration,Absent
registration,515HA
registration,Absent
registration,SW15HWA
_id,5ec1cfd362c65b02d1be58e4registration,SW15HWA
registration,05HWA
registration,Absent
registration,SW15HWA
_id,5ec1cfd362c65b02d1be58e4registration,SW15HWA
registration,LF7EY
registration,Absent
registration,LD68MXU
_id,5ec1cfc462c65b02d1be58d3registration,LD68MXU
registration,LD68MXU
_id,5ec1cfc462c65b02d1be58d3registration,LD68MXU
registration,CGDDF
registration,Absent
registration,AE68B0F
registration,Absent
registration,AE68BDF
_id,5ec1cfd062c65b02d1be58e0registration,AE68BDF
registration,AE60DDF
registration,Absent
registration,AE68BDF
_id,5ec1cfd062c65b02d1be58e0registration,AE68BDF
registration,LB66E00
registration,Absent
registration,LG61NBB
_id,5ec1cfcd62c65b02d1be58d9registration,LG61NBB
registration,UK00NLY
registration,Absent
registration,F0H9U
registration,Absent
registration,LF14HSU
_id,5ec1cfe662c65b02d1be58efregistration,LF14HSU
registration,LF04HSU
registration,Absent
registration,VA64OAG
registration,Absent
registration,D2VAA
_id,5ec1cff162c65b02d1be58f3registration,D2VAA
registration,D2VAA
_id,5ec1cff162c65b02d1be58f3registration,D2VAA
registration,D2VAA
_id,5ec1cff162c65b02d1be58f3registration,D2VAA
registration,D2VAA
_id,5ec1cff162c65b02d1be58f3registration,D2VAA
registration,D2VAA
_id,5ec1cff162c65b02d1be58f3registration,D2VAA
registration,D2VAA
_id,5ec1cff162c65b02d1be58f3registration,D2VAA
registration,02VAA
registration,Absent
registration,LCHXPA
registration,Absent
registration,LC11XPA
_id,5ec1cff462c65b02d1be58fbregistration,LC11XPA
registration,YD54VWF
_id,5ec1d00462c65b02d1be5911registration,YD54VWF
registration,YD54VWF
_id,5ec1d00462c65b02d1be5911registration,YD54VWF
registration,OE07BNV
registration,Absent
registration,YD54VWF
_id,5ec1d00462c65b02d1be5911registration,YD54VWF
registration,YD54VWF
_id,5ec1d00462c65b02d1be5911registration,YD54VWF
registration,Y87HD
registration,Absent
registration,LF64WJM
_id,5ec1d00962c65b02d1be5917registration,LF64WJM
registration,LF64WJM
_id,5ec1d00962c65b02d1be5917registration,LF64WJM
registration,LF64WJM
_id,5ec1d00962c65b02d1be5917registration,LF64WJM
registration,LF64WJM
_id,5ec1d00962c65b02d1be5917registration,LF64WJM
registration,LF64WJM
_id,5ec1d00962c65b02d1be5917registration,LF64WJM
registration,LF64WJM
_id,5ec1d00962c65b02d1be5917registration,LF64WJM
registration,LF64WJM
_id,5ec1d00962c65b02d1be5917registration,LF64WJM
registration,LF64WJM
_id,5ec1d00962c65b02d1be5917registration,LF64WJM
registration,LF64WJM
_id,5ec1d00962c65b02d1be5917registration,LF64WJM
registration,LF64WJM
_id,5ec1d00962c65b02d1be5917registration,LF64WJM
registration,LF64WJM
_id,5ec1d00962c65b02d1be5917registration,LF64WJM
registration,LF65OTA
_id,5ec1cffe62c65b02d1be5909registration,LF65OTA
registration,LF18FYS
_id,5ec1cffc62c65b02d1be5904registration,LF18FYS
registration,KE15UXH
_id,5ec1cffa62c65b02d1be5900registration,KE15UXH
registration,KE05UXH
registration,Absent
registration,LX7PY
registration,Absent
registration,GY04FRN
registration,Absent
registration,GY14FRN
_id,5ecc14026bcf491dd892c065registration,GY14FRN
registration,LG15WFF
_id,5ecc10816bcf491dd892c061registration,LG15WFF
registration,LG15WFF
_id,5ecc10816bcf491dd892c061registration,LG15WFF
registration,LG15WFF
_id,5ecc10816bcf491dd892c061registration,LG15WFF
registration,LG15WFF
_id,5ecc10816bcf491dd892c061registration,LG15WFF
registration,73D437
registration,Absent
registration,73D437
registration,Absent
registration,JD437
registration,Absent
registration,73D437
registration,Absent
registration,11101
registration,Absent
registration,82RTV
registration,Absent
registration,882RTV
_id,5ecc10946bcf491dd892c062registration,882RTV
registration,88RTV
registration,Absent
registration,882RTV
_id,5ecc10946bcf491dd892c062registration,882RTV
registration,882RTV
_id,5ecc10946bcf491dd892c062registration,882RTV
registration,882RTV
_id,5ecc10946bcf491dd892c062registration,882RTV
registration,MA1PX
registration,Absent
registration,MA17PXR
_id,5ecc14b06bcf491dd892c067registration,MA17PXR
registration,MA17PXR
_id,5ecc14b06bcf491dd892c067registration,MA17PXR
registration,MA17PXR
_id,5ecc14b06bcf491dd892c067registration,MA17PXR
registration,LC19ONK
registration,Absent
registration,LC18ONK
_id,5ecc15b76bcf491dd892c068registration,LC18ONK
registration,LG15WFF
_id,5ecc10816bcf491dd892c061registration,LG15WFF
registration,LG15WFF
_id,5ecc10816bcf491dd892c061registration,LG15WFF
registration,LG15WFF
_id,5ecc10816bcf491dd892c061registration,LG15WFF
registration,LG15WFF
_id,5ecc10816bcf491dd892c061registration,LG15WFF
registration,07343
registration,Absent
registration,63906
registration,Absent
registration,LL57RYU
registration,Absent
registration,LL67RYU
_id,5ec1d02862c65b02d1be5920registration,LL67RYU
registration,LK19OHX
_id,5ec1d03662c65b02d1be5922registration,LK19OHX
registration,LK19OHX
_id,5ec1d03662c65b02d1be5922registration,LK19OHX
registration,LK19OHX
_id,5ec1d03662c65b02d1be5922registration,LK19OHX
registration,LK19OHX
_id,5ec1d03662c65b02d1be5922registration,LK19OHX
registration,BF09AVN
_id,5ec1d03762c65b02d1be5924registration,BF09AVN
registration,CF54FBC
registration,Absent
registration,LF54FBC
_id,5ec1d03862c65b02d1be5927registration,LF54FBC
registration,KC02HPU
_id,5ec1d03a62c65b02d1be592aregistration,KC02HPU
registration,GU63RYZ
_id,5ec1d03c62c65b02d1be592bregistration,GU63RYZ
registration,GU63RYZ
_id,5ec1d03c62c65b02d1be592bregistration,GU63RYZ
registration,0U3YZ
registration,Absent
registration,GU63RYZ
_id,5ec1d03c62c65b02d1be592bregistration,GU63RYZ
registration,LG14XWE
_id,5ec1d03f62c65b02d1be592fregistration,LG14XWE
registration,LG14XWE
_id,5ec1d03f62c65b02d1be592fregistration,LG14XWE
registration,LG1X6
registration,Absent
registration,L14XE
registration,Absent
registration,LG14XWE
_id,5ec1d03f62c65b02d1be592fregistration,LG14XWE
registration,YB12JGX
_id,5ec1d04562c65b02d1be5932registration,YB12JGX
registration,Y2JGX
registration,Absent
registration,YB02JGX
registration,Absent
registration,YB02JGX
registration,Absent
registration,X888JSK
_id,5ecc17426bcf491dd892c06dregistration,X888JSK
registration,X888JSK
_id,5ecc17426bcf491dd892c06dregistration,X888JSK
registration,LP68USE
_id,5ec1d04b62c65b02d1be593cregistration,LP68USE
registration,LP68USE
_id,5ec1d04b62c65b02d1be593cregistration,LP68USE
registration,LE17KPE
registration,Absent
registration,LB17KPE
_id,5ec1d04f62c65b02d1be593eregistration,LB17KPE
registration,LB07KPE
registration,Absent
registration,LA17ONC
_id,5ec1d05262c65b02d1be5940registration,LA17ONC
registration,LA17ONC
_id,5ec1d05262c65b02d1be5940registration,LA17ONC
registration,LA17ONC
_id,5ec1d05262c65b02d1be5940registration,LA17ONC
registration,LA170NC
registration,Absent
registration,5E50H
registration,Absent
registration,SE6OHA0
registration,Absent
registration,SE60HAO
_id,5ecc17966bcf491dd892c06fregistration,SE60HAO
registration,SE60HAO
_id,5ecc17966bcf491dd892c06fregistration,SE60HAO
registration,SE60HAO
_id,5ecc17966bcf491dd892c06fregistration,SE60HAO
registration,GF63EPV
_id,5ec1d05a62c65b02d1be5946registration,GF63EPV
registration,GF63EPV
_id,5ec1d05a62c65b02d1be5946registration,GF63EPV
registration,GF63EPV
_id,5ec1d05a62c65b02d1be5946registration,GF63EPV
registration,GF63EPV
_id,5ec1d05a62c65b02d1be5946registration,GF63EPV
registration,SM05CR
registration,Absent
registration,SH05CR
registration,Absent
registration,F8RWD
_id,5ec1d05d62c65b02d1be594bregistration,F8RWD
registration,F8RWD
_id,5ec1d05d62c65b02d1be594bregistration,F8RWD
registration,F8RWD
_id,5ec1d05d62c65b02d1be594bregistration,F8RWD
registration,LPAUU
registration,Absent
registration,LX20MZ
registration,Absent
registration,LG55ECK
registration,Absent
registration,LG55EDK
_id,5ecc18246bcf491dd892c071registration,LG55EDK
registration,LG55EDK
_id,5ecc18246bcf491dd892c071registration,LG55EDK
registration,LG55EDK
_id,5ecc18246bcf491dd892c071registration,LG55EDK
registration,LG55EDK
_id,5ecc18246bcf491dd892c071registration,LG55EDK
registration,K08FNT
registration,Absent
registration,D6149
registration,Absent
registration,D6191
registration,Absent
registration,06149
registration,Absent
registration,D6149
registration,Absent
registration,LX20MZ
registration,Absent
registration,LX12OMZ
_id,5ecc180c6bcf491dd892c070registration,LX12OMZ
registration,LJ15USY
_id,5ec1d06962c65b02d1be5952registration,LJ15USY
registration,LJ15USY
_id,5ec1d06962c65b02d1be5952registration,LJ15USY
registration,LJ15USY
_id,5ec1d06962c65b02d1be5952registration,LJ15USY
registration,J800F0X
_id,5ec1d07362c65b02d1be5956registration,J800F0X
registration,J800F0X
_id,5ec1d07362c65b02d1be5956registration,J800F0X
registration,J800F0X
_id,5ec1d07362c65b02d1be5956registration,J800F0X
registration,J800F0X
_id,5ec1d07362c65b02d1be5956registration,J800F0X
registration,J900F0X
registration,Absent
registration,LF51NYS
_id,5ec1d06e62c65b02d1be5954registration,LF51NYS
registration,LF5NY5
registration,Absent
registration,S77NJC
_id,5ec1d07662c65b02d1be595aregistration,S77NJC
registration,LS3MB
registration,Absent
registration,RX69TWL
registration,Absent
registration,H19UAE
_id,5ec1d0a062c65b02d1be5970registration,H19UAE
registration,H19UAE
_id,5ec1d0a062c65b02d1be5970registration,H19UAE
registration,H19UAE
_id,5ec1d0a062c65b02d1be5970registration,H19UAE
registration,EK63HCZ
_id,5ec1d0a262c65b02d1be5975registration,EK63HCZ
registration,EK63HCZ
_id,5ec1d0a262c65b02d1be5975registration,EK63HCZ
registration,EK63HCZ
_id,5ec1d0a262c65b02d1be5975registration,EK63HCZ
registration,11NXD
registration,Absent
registration,LONXD
registration,Absent
registration,LH1NXD
registration,Absent
registration,LDNXD
registration,Absent
registration,LH1NXD
registration,Absent
registration,20KSX
_id,5ecc19fa6bcf491dd892c077registration,20KSX
registration,20KSX
_id,5ecc19fa6bcf491dd892c077registration,20KSX
registration,20KSX
_id,5ecc19fa6bcf491dd892c077registration,20KSX
registration,20KSX
_id,5ecc19fa6bcf491dd892c077registration,20KSX
registration,20KSX
_id,5ecc19fa6bcf491dd892c077registration,20KSX
registration,20KSX
_id,5ecc19fa6bcf491dd892c077registration,20KSX
registration,20KSX
_id,5ecc19fa6bcf491dd892c077registration,20KSX
registration,01B43O
registration,Absent
registration,O1B430
registration,Absent
registration,01B430
_id,5ec1d0b162c65b02d1be5981registration,01B430
registration,VE67APK
registration,Absent
registration,VE67APK
registration,Absent
registration,JGK9C
registration,Absent
registration,AR05DVW
_id,5ec1d09e62c65b02d1be596dregistration,AR05DVW
registration,AR05DVW
_id,5ec1d09e62c65b02d1be596dregistration,AR05DVW
registration,T1KKL
registration,Absent
registration,A061YCJ
registration,Absent
registration,AO61YCJ
_id,5ec1d09762c65b02d1be5965registration,AO61YCJ
registration,V6MFX
registration,Absent
registration,LV16MFX
registration,Absent
registration,LV16MFX
registration,Absent
registration,LG16EYA
_id,5ec94c7eb956ba02d5b9da66registration,LG16EYA
registration,LG16EYA
_id,5ec94c7eb956ba02d5b9da66registration,LG16EYA
registration,GD19GUK
_id,5ecc1a8a6bcf491dd892c078registration,GD19GUK
registration,GD19GUK
_id,5ecc1a8a6bcf491dd892c078registration,GD19GUK
registration,GD19GUK
_id,5ecc1a8a6bcf491dd892c078registration,GD19GUK
registration,GF09WVU
registration,Absent
registration,MF04MWP
registration,Absent
registration,V8N0P
_id,5ecc09ad6bcf491dd892c05aregistration,V8N0P
registration,V8NOP
_id,5ec1d0c962c65b02d1be5996registration,V8NOP
registration,V8N0P
_id,5ecc09ad6bcf491dd892c05aregistration,V8N0P
registration,V8N0P
_id,5ecc09ad6bcf491dd892c05aregistration,V8N0P
registration,173D44
registration,Absent
registration,L068JZF
registration,Absent
registration,L06JZF
registration,Absent
registration,LO68JZF
_id,5ecc1b676bcf491dd892c07eregistration,LO68JZF
registration,LO68JZF
_id,5ecc1b676bcf491dd892c07eregistration,LO68JZF
registration,A58SU
registration,Absent
registration,AM58SDU
_id,5ecc1baa6bcf491dd892c07fregistration,AM58SDU
registration,L62G0
registration,Absent
registration,LL19GXD
registration,Absent
registration,V3777
registration,Absent
registration,KS15YY
registration,Absent
registration,KS15YYE
_id,5ec1d0fa62c65b02d1be59cbregistration,KS15YYE
registration,LJ67WSO
_id,5ecc1bee6bcf491dd892c082registration,LJ67WSO
registration,LJ67S0
registration,Absent
registration,LJ67WSO
_id,5ecc1bee6bcf491dd892c082registration,LJ67WSO
registration,GL17CJ
registration,Absent
registration,RX04LSC
_id,5ec1d10462c65b02d1be59d2registration,RX04LSC
registration,RA65JCV
_id,5ecc1c246bcf491dd892c084registration,RA65JCV
registration,RA65JCV
_id,5ecc1c246bcf491dd892c084registration,RA65JCV
registration,RA65JCV
_id,5ecc1c246bcf491dd892c084registration,RA65JCV
registration,SF15LXC
_id,5ec1d12962c65b02d1be59ecregistration,SF15LXC
registration,SF15LXC
_id,5ec1d12962c65b02d1be59ecregistration,SF15LXC
registration,GX68YKD
_id,5ecc1c936bcf491dd892c087registration,GX68YKD
registration,LC05JXX
registration,Absent
registration,LJ19ZOX
_id,5ec1d0f262c65b02d1be59c6registration,LJ19ZOX
registration,LJ19ZOX
_id,5ec1d0f262c65b02d1be59c6registration,LJ19ZOX
registration,LJ19ZOX
_id,5ec1d0f262c65b02d1be59c6registration,LJ19ZOX
registration,GC690CE
registration,Absent
registration,GC690CB
registration,Absent
registration,L0NXG
registration,Absent
registration,LUNXG
registration,Absent
registration,LH1NXG
registration,Absent
registration,60D923
registration,Absent
registration,DV52FL1
registration,Absent
registration,SSA93
registration,Absent
registration,SSA933
_id,5ecc1d866bcf491dd892c08dregistration,SSA933
registration,SSA933
_id,5ecc1d866bcf491dd892c08dregistration,SSA933
registration,SSA93
registration,Absent
registration,XLY27
registration,Absent
registration,XLY27
registration,Absent
registration,XLY27
registration,Absent
registration,LW19BXZ
_id,5ecc0f306bcf491dd892c05eregistration,LW19BXZ
registration,L9BXZ
registration,Absent
registration,FH64VHU
_id,5ec1d15f62c65b02d1be5a0dregistration,FH64VHU
registration,YJ05XKX
registration,Absent
registration,YJ05XKX
registration,Absent
registration,Y5XKX
registration,Absent
registration,GX53OWZ
_id,5ec1d16c62c65b02d1be5a1cregistration,GX53OWZ
registration,GX530WZ
registration,Absent
registration,GX53OWZ
_id,5ec1d16c62c65b02d1be5a1cregistration,GX53OWZ
F61LLN



F6LLN1



D19RCA

5ec1d18d62c65b02d1be5a2e,D19RCA

C67ND



LC67DND

5ec1d1eb62c65b02d1be5a6b,LC67DND

LC67DND

5ec1d1eb62c65b02d1be5a6b,LC67DND

O9959



09859



80209

5ec94c2bb956ba02d5b9da23,80209

BL60WYJ

5ec1d1a062c65b02d1be5a3a,BL60WYJ

BL60WVJ



8L60J



YK17UEF

5ec94befb956ba02d5b9da09,YK17UEF

020CK



WA12OCK

5ecc20a36bcf491dd892c095,WA12OCK

520BZ



9G12UAP



BG12UAP

5ec1d1af62c65b02d1be5a46,BG12UAP

30CRG

5ec1d1ad62c65b02d1be5a45,30CRG

30CRG

5ec1d1ad62c65b02d1be5a45,30CRG

YH69VHR

5ecc20fd6bcf491dd892c096,YH69VHR

FX64MHJ



FX6HJ



FX64MHJ



YB69VBC

5ecc211a6bcf491dd892c097,YB69VBC

YB69VBC

5ecc211a6bcf491dd892c097,YB69VBC

YL69U



YL69UV



YL69UVM

5ecc215b6bcf491dd892c099,YL69UVM

AAO0YN



Y55SHU

5ec1d1df62c65b02d1be5a62,Y55SHU

Y55SHU

5ec1d1df62c65b02d1be5a62,Y55SHU

LF09AXS



LF09AXS



L9AX5



LF19AXS

5ecc227d6bcf491dd892c09e,LF19AXS

R05NXD



0Y8D5U



0H9D5



0Y8D5U



X18D5



X18DS



X18DC



X18DD



X08DSA



LMKNV



E67HGC



