registration, permit
61491, 
767907
143D448
173D437
20KSX
413XUU
AE17TGV
AE63BWW
AJ59YWG
AK11YHR
AO09KAZ
AO61YCJ
BD52EFS
BF09AVN
BG65OJA
BV16MFX
BX19UXV
D2JWB
D2VAA
D3TKA
DA09XYS
DA63VJJ
DR64TES
EK63HCZ
EO15OJU
EU07UDZ
F8RWD
FA15FXJ
FN09EKH
FX15OVE
GK17KKZ
GK18NCA
GU63RYZ
H18UAE
H19UAE
H1CRG
HJ13VJZ
HK12FEU
HU55AMW
J1RGH
J800FOX
KC02HPU
KC15BGV
KM64SWX
KN67HHG
KN69LGD
KN69ZBW
KR16OAW
KX05AUE
L111NXD
L4EOG
LA16XWW
LB10RNU
LB12OTR
LB12TCO
LB17KPE
LB69LGO
LC07YWW
LC08XZD
LC10UOM
LC11XPA
LC17RGU
LC18ONK
LC61WVH
LC67ETE
LD15NPN
LD65YCF
LD68MXU
LD68UTC
LF13AVG
LF13YTT
LF14HSU
LF17EYM
LF18FYS
LF19GMX
LF51NYS
LF54FBC
LF64WJM
LF65MZD
LF65OTA
LG10SUF
LG13OGE
LG15WFF
LG16EYA
LG17RLO
LG17ZVW
LG19HVA
LG52EYO-
LG61NBB
LG62TKF
LJ07SKN-
LJ09EHV
LJ15USY
LJ16VSY
LJ17XYT
LJ18ZWA
LJ57ZZD
LK05CUO-
LK64XGH
LL67RYU
LP07AUU
LP15JVN
LP68USE
LS13MBF
LT16RTV
LT64BOF
LV68XJB
LV69HLE
LX12OMZ
M500MBF
MA17PXR
MF65OVK
MH18MGE
N18WLF
NA05CZO
NJ64KNH
OE17BNV
OE67THN
OIB430
OV65MWO
OY68WDG
PL66XNV
R111DFB
RF09FAK
RF19NZA
RIA688
RJ16XYD
RJ17WXL
RK16LUF
RO64HRA
RU11MSH
RX16FRC
RX68TWL
S55SFH
SD09ZTZ
SD68ZZF
SH11EGH
SM05YLR
SP56WYD
SW15HWA
T414KKL
Time
UAE2
UIG5055
UK10NLY
VA64OAG
VE67APK
VF12JWP
VK11XCM
WJ57NUO
WK14ABK
WM63MVW
WR67VYH
WV16NKK
X888JSK
XX11SHS
Y874HDM
Y888BAD
YB12JGX
YB67PZS
YC08LHZ
YD54VWF
YH11TVT
YK18NTH
