registraion,
61491
150150
207706
767907
809858
810208
10FY
160D923
173D437
173D441
1777483-
1LLZ
1-XLY-217
28FF
5645HBB
86RRO
882RTV
AA009YN
AC61YCJ
AE07LKV
AE17TGV
AE63BWW
AE68BDF
AG09AUM
AG09SXM
AJ59YWG
AO09KAZ
AR05DVW
BD52EFS
BF09AVN
BG12UAP
BG65OJA
Bike
Bike
BKO347
BT68FNZ
BV16MFX
CP19SNV
D12VNC
D19RCA
D2VAA
D3TKA
DA09XYS
DA63VJJ
DG14ONK
DK12EHN
DS11WRF
DV52FLH
E3HSH
E653YE77
EK02NMU
EK63HCZ
EO15OJU
EU07UDZ
Europe
F8RWD
FE67HGC
FH64VHU
FN09EKH
FX15OVE
FY66LZA
GF19WVU
GF63EPV
GJ20GXP
GK17KKZ
GK18NCA
GL17OWJ
GU63RYZ
GX53OWZ
H064AT799
H18UAE
H19UAE
H1CRG
HJ13VJZ
HK12FEU
HU55AMW
HV57XLZ
J1RGH
J800FOX
KC02HPU
KC15BGV
KE15UXH
KE69CVA
KM19PJL
KM64SWX
KM69VBF
KN69ZBW
KO18FNT
KP17CDN
KR16OAW
KS15YYE
KU11MSH
KV19KBC
KW67ONV
KX05AUE
KY67BXN
L111NXD
L111NXG
L4EOG
LA16XWW
LA17ONC
LA18YZJ
LA19OTG
LB10RNU
LB12OTR
LB12TCO
LB17KPE
LB65LFR
LB69KZK
LB69LGO
LC07YWW
LC08XZD
LC11XPA
LC13MBF
LC15JXX
LC17RGU
LC18ONK
LC61WVH
LC67BJZ
LC67DND
LC67ETE
LD15NPN
LD63UAB
LD65YCF
LD68MXU
LD68UTC
LD69VXB
LE57HCZ
LF13AVG
LF13OGE
LF13YTT
LF14HSU
LF16OFL
LF17EYM
LF17SWX
LF18FYS
LF18VJZ
LF19AXS
LF51NYS
LF54FBC
LF56GDV
LF64WJM
LF65MZD
LF65OTA
LG10SUF
LG14XWE
LG15WFF
LG16EYA
LG17RLO
LG17ZVW
LG19HVA
LG52EYO-
LG55EDK
LG61NBB
LJ07SKN-
LJ09EHV
LJ15USY
LJ16VSY
LJ17XYT
LJ18ZWA
LJ19ZOX
LJ57ZZD
LJ67WSO
LJ68XMA
LK05CUO-
LK19OHX
LK64XGH
LL67RYU
LM11KNV
LN64WVM
LO68JZF
LP07AUU
LP15JVN
LP68USE
LR62VGO
LR63KYO
LT16RTV
LT64BOF
LV68XJB
LV69HLE
LX12OMZ
M500MBF
M963TDB
MA17PXR
MF14MWP
MF65OVK
MT16CVC
NA05CZO
NJ64KNH
OE17BNV
OIB430
OV65MWO
PL14LVP
PL66XNV
R111DFB
RA52UBZ
RF69DHE
RJ16XYD
RJ17WXL
RK16LUF
RK55THZ.
RO51NXD
RO64HRA
RX04LSC
RX68TWL
S55SFH
S5SWU
S77NJC
SD09ZTZ
SD68ZZF
SE60HAO
SF15LXC
SH11EGH
SM05YLR
SW15HWA
T414KKL
T777MVA
Time
UAE2
UK10NLY
V8NOP
V9NRB
VA64OAG
VE67APK
VF12JWP
VK11XCM
VN63NKF
VS378770
VS423239
WA12OCK
WM63MVW
WN06YSZ
WR67VYH
WV16NKK
X888JSK
XX11SHS
Y3EXO
Y874HDM
Y888BAD
YA15EWN
YA18FKT
YB12JGX
YB67PZS
YC08LHZ
YD64GPO
YD68CDY
YH20HHT
YH20HHU
YH20HHW
YH20HHY
YJ15XKX
YK18NTH
YK62RWX
YL18NDV
YL18NLG
