Reg, Data Base Id
D19RCA,db_ID5ec1d18d62c65b02d1be5a2e
D19RCA,db_ID5ec1d18d62c65b02d1be5a2e
D19RCA,db_ID5ec1d18d62c65b02d1be5a2e
8O959,Absent
809858,Absent
LB66TUY,db_ID5ec1d19462c65b02d1be5a31
LB66TUY,db_ID5ec1d19462c65b02d1be5a31
LB65TUY,Absent
9O2O6,Absent
902O9,db_ID5ec94c28b956ba02d5b9da20
8O2O8,Absent
802O9,Absent
902O8,Absent
BL6OWJ,Absent
BL6OW,Absent
BL60J,Absent
L6OWJ,Absent
BL6OW,Absent
H1UWY,Absent
BL60WYJ,db_ID5ec1d1a062c65b02d1be5a3a
BL60WYJ,db_ID5ec1d1a062c65b02d1be5a3a
BL60WYJ,db_ID5ec1d1a062c65b02d1be5a3a
LD66XVF,db_ID5ec1d1a862c65b02d1be5a3f
LD66XVF,db_ID5ec1d1a862c65b02d1be5a3f
LD66XVF,db_ID5ec1d1a862c65b02d1be5a3f
30CRG,db_ID5ec1d1ad62c65b02d1be5a45
3OCRG,db_ID5ec1d1ad62c65b02d1be5a42
30CRG,db_ID5ec1d1ad62c65b02d1be5a45
HN69DVR,db_ID5ec1d1b962c65b02d1be5a48
YD69EUG,db_ID5ec1d1bc62c65b02d1be5a49
YD69EUG,db_ID5ec1d1bc62c65b02d1be5a49
HN69DVR,db_ID5ec1d1b962c65b02d1be5a48
HN69DVR,db_ID5ec1d1b962c65b02d1be5a48
KV69BWP,db_ID5ec1d1d462c65b02d1be5a52
KV69BWP,db_ID5ec1d1d462c65b02d1be5a52
KV69BW,Absent
KV69BWP,db_ID5ec1d1d462c65b02d1be5a52
LX16OWJ,db_ID5ec1d1d562c65b02d1be5a53
LX16OWJ,db_ID5ec1d1d562c65b02d1be5a53
AAOOY,Absent
AAO0YN,Absent
40492,Absent
AAO0YN,Absent
GL69XNF,db_ID5ec1d1db62c65b02d1be5a5d
L69XNF,Absent
L69XNF,Absent
L69XNF,Absent
GL69XNF,db_ID5ec1d1db62c65b02d1be5a5d
Y55SHU,db_ID5ec1d1df62c65b02d1be5a62
Y55SHU,db_ID5ec1d1df62c65b02d1be5a62
Y55SHU,db_ID5ec1d1df62c65b02d1be5a62
RO51NXD,db_ID5ec1d1e462c65b02d1be5a66
RO51NXD,db_ID5ec1d1e462c65b02d1be5a66
RO51NXD,db_ID5ec1d1e462c65b02d1be5a66
RO51NXD,db_ID5ec1d1e462c65b02d1be5a66
LC67DND,db_ID5ec1d1eb62c65b02d1be5a6b
LC67DND,db_ID5ec1d1eb62c65b02d1be5a6b
LC67DND,db_ID5ec1d1eb62c65b02d1be5a6b
LMKNV,Absent
LM11KNV,db_ID5ec1d1ef62c65b02d1be5a6d
LMKNV,Absent
LDKNV,Absent
1MKNV,Absent
0Y19DSU,Absent
OY18DSU,db_ID5ec1d1f062c65b02d1be5a6e
OY18DSU,db_ID5ec1d1f062c65b02d1be5a6e
LG07ZVW,db_ID5ec1d1ff62c65b02d1be5a75
LG17ZVW,db_ID5ec1d1ff62c65b02d1be5a74
1LG17ZVW,Absent
LG07ZVW,db_ID5ec1d1ff62c65b02d1be5a75
LG07ZVW,db_ID5ec1d1ff62c65b02d1be5a75
LG17ZVW,db_ID5ec1d1ff62c65b02d1be5a74
RK16LUF,db_ID5ec1d20162c65b02d1be5a77
RK06LUF,Absent
RK06LUF,Absent
